Stock,Average Trade Size
SPY,113.90128510052715
IWM,138.5676322665418
