Stock,Average Trade Size
QQQ,97.01521274067031
AAPL,86.88064996943747
MSFT,43.26737969876534
AMZN,85.174364606315
GOOGL,81.5824273777689
META,52.3877226177879
TSLA,88.43501858949831
NVDA,52.43306563127301
JNJ,82.02528048185616
JPM,68.62527981675257
